feature,coefficient,odds_ratio
MSinceMostRecentInqexcl7days__no_usable,-0.9452486015792634,0.38858295655633646
NumInqLast6M,0.5452407123582571,1.7250235668952447
NumBank2NatlTradesWHighUtilization__no_usable,0.4416752336125635,1.5553105458161258
MaxDelq2PublicRecLast12M_5,0.4149659524967591,1.5143191810270906
NumInqLast6Mexcl7days,-0.3957826435221747,0.67315299420123
ExternalRiskEstimate,-0.38933484985982325,0.6775073687797029
NumSatisfactoryTrades,-0.3711978452159482,0.6899074331703686
NetFractionRevolvingBurden,0.3147482417948142,1.3699143803536076
AverageMInFile,-0.2947566279786289,0.7447128076743953
MaxDelq2PublicRecLast12M_7,-0.2700390552651004,0.7633496809305187
MSinceMostRecentInqexcl7days,-0.2276427790830803,0.7964087028750111
MSinceMostRecentInqexcl7days__cond_not_met,0.2187890020527653,1.2445686475515751
NumRevolvingTradesWBalance,0.20966733496571976,1.2332677266581915
MaxDelq2PublicRecLast12M_4,0.1912170817853267,1.210722249303436
MaxDelqEver_7,-0.17814499459751046,0.8368210801562113
MaxDelq2PublicRecLast12M_3,-0.16688553691481917,0.8462964754989604
NumInstallTradesWBalance__no_usable,0.16606839931761666,1.1806538548795293
PercentInstallTrades,0.16319987042569795,1.1772719680245045
NumBank2NatlTradesWHighUtilization,0.15901676454982275,1.1723576005633776
MSinceMostRecentDelq__cond_not_met,-0.1560845954542514,0.8554868170139417
MaxDelq2PublicRecLast12M_1,-0.13101883249963842,0.877201254343182
MaxDelqEver_3,-0.1256578946271657,0.8819165035555303
PercentTradesNeverDelq,-0.12211828422005314,0.8850436756101081
MSinceMostRecentDelq,-0.11203078576277938,0.8940167340895984
MaxDelqEver_5,0.11114399229451583,1.1175558146954432
MaxDelq2PublicRecLast12M_6,-0.10281055208950264,0.9022978957415672
PercentTradesWBalance__no_usable,-0.10239000423948232,0.9026774349833114
MSinceMostRecentDelq__no_usable,0.09628269996169087,1.1010702925292757
MaxDelqEver_6,0.09028192190221217,1.0944827988871741
MSinceMostRecentTradeOpen,0.08297169555412857,1.0865110550196637
MaxDelq2PublicRecLast12M_0,0.08295980975283812,1.0864981410419106
PercentTradesWBalance,-0.08272427094080302,0.9206049497648391
MSinceOldestTradeOpen,-0.05746487377694997,0.9441550544049903
MaxDelqEver_2,0.0461200866497223,1.0472001581650883
NetFractionInstallBurden,0.04396174283892662,1.0449423775948878
NumRevolvingTradesWBalance__no_usable,-0.04274248577876049,0.9581580976366507
MaxDelq2PublicRecLast12M_infrequent_sklearn,-0.04243593705333961,0.958451864804908
NumTradesOpeninLast12M,0.03969751951033911,1.0404959968491687
ExternalRiskEstimate__no_record,0.036169866499101276,1.0368319545473461
MaxDelqEver_4,0.034196489234951236,1.0347879114389256
NumTrades60Ever2DerogPubRec,0.026318618997164034,1.0266680122988001
MaxDelq2PublicRecLast12M_2,0.0240470697874661,1.0243385321528968
MaxDelqEver_8,0.022060399143259076,1.0223055289838612
NumTrades90Ever2DerogPubRec,0.021661866093526983,1.0218981876185271
NetFractionRevolvingBurden__no_usable,0.021124032808769937,1.021348724532606
NumInstallTradesWBalance,-0.01796572291456401,0.982194698552905
MSinceOldestTradeOpen__no_usable,0.015462466042135962,1.0155826285073406
NumTotalTrades,-0.008442363615541024,0.991593173061335
NetFractionInstallBurden__no_usable,0.0008781381997084658,1.0008785238759415
