model,fold,score,inner_best
Bureau score only,1,0.7992091049581058,
Bureau score only,2,0.7665111678451606,
Bureau score only,3,0.7533383235533931,
Bureau score only,4,0.7798839979477035,
Bureau score only,5,0.7456555781646341,
Bureau score only,6,0.768304870914043,
Bureau score only,7,0.7687968668546911,
Bureau score only,8,0.779835672327619,
Bureau score only,9,0.765557508002003,
Bureau score only,10,0.762932501447198,
Bureau score only,11,0.7762518649062432,
Bureau score only,12,0.7727148407979281,
Bureau score only,13,0.7749506718803498,
Bureau score only,14,0.7639858971445728,
Bureau score only,15,0.7577482934372778,
Logistic regression,1,0.8282075616228772,0.8010552644488232
Logistic regression,2,0.8041753335753041,0.8054531459362265
Logistic regression,3,0.7857139184983276,0.8097647330346289
Logistic regression,4,0.8164695769657474,0.8025513983884088
Logistic regression,5,0.7961923524192113,0.8073000438628287
Logistic regression,6,0.7977130671448504,0.8070621467163216
Logistic regression,7,0.8088125366940546,0.8047355605921697
Logistic regression,8,0.818649370892965,0.8017878144811736
Logistic regression,9,0.8005282915659453,0.8067010250493332
Logistic regression,10,0.8058770123250895,0.8035635524175535
Logistic regression,11,0.8125562299435823,0.8032552802654792
Logistic regression,12,0.8108853973342764,0.8035430895408254
Logistic regression,13,0.8099857182369581,0.805097021997358
Logistic regression,14,0.807851165315777,0.8044530216990823
Logistic regression,15,0.7909310290580925,0.8101352294810749
Kernel SVM (RBF),1,0.82941158930626,0.8018890676976852
Kernel SVM (RBF),2,0.8065021607721405,0.807959402877866
Kernel SVM (RBF),3,0.7940207841294552,0.8107516490431271
Kernel SVM (RBF),4,0.8185907632260538,0.8040894405920334
Kernel SVM (RBF),5,0.7898719782349634,0.8106285144143753
Kernel SVM (RBF),6,0.8020037652855478,0.8074102830208597
Kernel SVM (RBF),7,0.808159626720572,0.805905575727908
Kernel SVM (RBF),8,0.8193547193052627,0.8041792164432636
Kernel SVM (RBF),9,0.8018176602379883,0.808517681325687
Kernel SVM (RBF),10,0.8059530994716055,0.8056281447492516
Kernel SVM (RBF),11,0.8124914530485755,0.8069626247580125
Kernel SVM (RBF),12,0.8125161299609591,0.8059830219585947
Kernel SVM (RBF),13,0.8064271018303072,0.808211622354634
Kernel SVM (RBF),14,0.8088073956706414,0.804884468806034
Kernel SVM (RBF),15,0.7942171712238411,0.8114907307235338
